"city","year","month","temperature_mean","date"
"Stockholm",2021,1,-2.04408602150538,2021-01-01
"Stockholm",2021,2,-3.18184523809524,2021-02-01
"Stockholm",2021,3,2.52983870967742,2021-03-01
"Stockholm",2021,4,4.21625,2021-04-01
"Stockholm",2021,5,9.69516129032258,2021-05-01
"Stockholm",2021,6,18.1084722222222,2021-06-01
"Stockholm",2021,7,19.9415322580645,2021-07-01
"Stockholm",2021,8,14.9323924731183,2021-08-01
"Stockholm",2021,9,11.8261111111111,2021-09-01
"Stockholm",2021,10,8.54475806451613,2021-10-01
"Stockholm",2021,11,2.78111111111111,2021-11-01
"Stockholm",2021,12,-2.82405913978495,2021-12-01
"Stockholm",2022,1,-0.311962365591398,2022-01-01
"Stockholm",2022,2,-0.0982142857142857,2022-02-01
"Stockholm",2022,3,2.26532258064516,2022-03-01
"Stockholm",2022,4,4.32680555555556,2022-04-01
"Stockholm",2022,5,10.3041666666667,2022-05-01
"Stockholm",2022,6,16.6723611111111,2022-06-01
"Stockholm",2022,7,17.4451612903226,2022-07-01
"Stockholm",2022,8,18.5356182795699,2022-08-01
"Stockholm",2022,9,10.7715277777778,2022-09-01
"Stockholm",2022,10,9.11774193548387,2022-10-01
"Stockholm",2022,11,4.7875,2022-11-01
"Stockholm",2022,12,-2.44112903225806,2022-12-01
"Stockholm",2023,1,0.294489247311828,2023-01-01
"Stockholm",2023,2,-0.511607142857143,2023-02-01
"Stockholm",2023,3,-0.712365591397849,2023-03-01
"Stockholm",2023,4,4.31305555555556,2023-04-01
"Stockholm",2023,5,11.0795698924731,2023-05-01
"Stockholm",2023,6,17.0788888888889,2023-06-01
"Stockholm",2023,7,16.8168010752688,2023-07-01
"Stockholm",2023,8,16.3897849462366,2023-08-01
"Stockholm",2023,9,15.2854166666667,2023-09-01
"Stockholm",2023,10,6.51572580645161,2023-10-01
"Stockholm",2023,11,1.14069444444444,2023-11-01
"Stockholm",2023,12,-2.79059139784946,2023-12-01
"Stockholm",2024,1,-3.80618279569892,2024-01-01
"Stockholm",2024,2,-0.24066091954023,2024-02-01
"Stockholm",2024,3,2.13991935483871,2024-03-01
"Stockholm",2024,4,4.30694444444444,2024-04-01
"Stockholm",2024,5,13.2662634408602,2024-05-01
"Stockholm",2024,6,16.4977777777778,2024-06-01
"Stockholm",2024,7,17.8399193548387,2024-07-01
"Stockholm",2024,8,17.7576612903226,2024-08-01
"Stockholm",2024,9,13.9506944444444,2024-09-01
"Stockholm",2024,10,9.08884408602151,2024-10-01
"Stockholm",2024,11,3.34097222222222,2024-11-01
"Stockholm",2024,12,1.18870967741935,2024-12-01
"Stockholm",2025,1,-0.59005376344086,2025-01-01
"Stockholm",2025,2,-1.37633928571429,2025-02-01
"Stockholm",2025,3,3.98481182795699,2025-03-01
"Stockholm",2025,4,7.42194444444444,2025-04-01
"Stockholm",2025,5,9.85927419354839,2025-05-01
"Stockholm",2025,6,15.6340277777778,2025-06-01
"Stockholm",2025,7,19.2631720430108,2025-07-01
"Stockholm",2025,8,16.0219086021505,2025-08-01
"Stockholm",2025,9,14.6223611111111,2025-09-01
"Stockholm",2025,10,8.11115591397849,2025-10-01
"Stockholm",2025,11,3.41791666666667,2025-11-01
"Stockholm",2025,12,3.14690860215054,2025-12-01
"Lille",2021,1,3.17338709677419,2021-01-01
"Lille",2021,2,4.99791666666667,2021-02-01
"Lille",2021,3,6.65873655913979,2021-03-01
"Lille",2021,4,6.69138888888889,2021-04-01
"Lille",2021,5,11.3965053763441,2021-05-01
"Lille",2021,6,17.6170833333333,2021-06-01
"Lille",2021,7,17.7166666666667,2021-07-01
"Lille",2021,8,16.8543010752688,2021-08-01
"Lille",2021,9,17.0222222222222,2021-09-01
"Lille",2021,10,11.7162634408602,2021-10-01
"Lille",2021,11,6.96486111111111,2021-11-01
"Lille",2021,12,6.00215053763441,2021-12-01
"Lille",2022,1,4.29717741935484,2022-01-01
"Lille",2022,2,6.78125,2022-02-01
"Lille",2022,3,8.0366935483871,2022-03-01
"Lille",2022,4,10.0880555555556,2022-04-01
"Lille",2022,5,14.6439516129032,2022-05-01
"Lille",2022,6,17.3358333333333,2022-06-01
"Lille",2022,7,19.4173387096774,2022-07-01
"Lille",2022,8,20.7534946236559,2022-08-01
"Lille",2022,9,15.3156944444444,2022-09-01
"Lille",2022,10,14.1755376344086,2022-10-01
"Lille",2022,11,9.12666666666667,2022-11-01
"Lille",2022,12,3.85309139784946,2022-12-01
"Lille",2023,1,5.51411290322581,2023-01-01
"Lille",2023,2,5.67708333333333,2023-02-01
"Lille",2023,3,7.54139784946237,2023-03-01
"Lille",2023,4,8.59361111111111,2023-04-01
"Lille",2023,5,13.0268817204301,2023-05-01
"Lille",2023,6,19.5423611111111,2023-06-01
"Lille",2023,7,18.4283602150538,2023-07-01
"Lille",2023,8,17.9604838709677,2023-08-01
"Lille",2023,9,18.7683333333333,2023-09-01
"Lille",2023,10,13.7486559139785,2023-10-01
"Lille",2023,11,8.23013888888889,2023-11-01
"Lille",2023,12,7.00201612903226,2023-12-01
"Lille",2024,1,3.55994623655914,2024-01-01
"Lille",2024,2,8.45718390804598,2024-02-01
"Lille",2024,3,8.66061827956989,2024-03-01
"Lille",2024,4,10.5944444444444,2024-04-01
"Lille",2024,5,14.3459677419355,2024-05-01
"Lille",2024,6,15.4308333333333,2024-06-01
"Lille",2024,7,18.3905913978495,2024-07-01
"Lille",2024,8,19.6974462365591,2024-08-01
"Lille",2024,9,15.6872222222222,2024-09-01
"Lille",2024,10,12.6466397849462,2024-10-01
"Lille",2024,11,7.79222222222222,2024-11-01
"Lille",2024,12,6.1760752688172,2024-12-01
"Lille",2025,1,2.92741935483871,2025-01-01
"Lille",2025,2,4.24002976190476,2025-02-01
"Lille",2025,3,7.58870967741935,2025-03-01
"Lille",2025,4,12.11,2025-04-01
"Lille",2025,5,14.6873655913978,2025-05-01
"Lille",2025,6,19.2434722222222,2025-06-01
"Lille",2025,7,19.5016129032258,2025-07-01
"Lille",2025,8,19.3977150537634,2025-08-01
"Lille",2025,9,15.4744444444444,2025-09-01
"Lille",2025,10,12.3575268817204,2025-10-01
"Lille",2025,11,8.44944444444444,2025-11-01
"Lille",2025,12,6.28817204301075,2025-12-01
"Paris",2021,1,4.14422043010753,2021-01-01
"Paris",2021,2,6.11175595238095,2021-02-01
"Paris",2021,3,7.29139784946237,2021-03-01
"Paris",2021,4,8.55541666666667,2021-04-01
"Paris",2021,5,12.3852150537634,2021-05-01
"Paris",2021,6,19.0081944444444,2021-06-01
"Paris",2021,7,19.0483870967742,2021-07-01
"Paris",2021,8,18.3454301075269,2021-08-01
"Paris",2021,9,17.7616666666667,2021-09-01
"Paris",2021,10,11.8462365591398,2021-10-01
"Paris",2021,11,6.33111111111111,2021-11-01
"Paris",2021,12,6.2002688172043,2021-12-01
"Paris",2022,1,4.24717741935484,2022-01-01
"Paris",2022,2,6.94300595238095,2022-02-01
"Paris",2022,3,8.5883064516129,2022-03-01
"Paris",2022,4,10.6093055555556,2022-04-01
"Paris",2022,5,16.1811827956989,2022-05-01
"Paris",2022,6,18.7625,2022-06-01
"Paris",2022,7,21.4520161290323,2022-07-01
"Paris",2022,8,22.0497311827957,2022-08-01
"Paris",2022,9,16.0215277777778,2022-09-01
"Paris",2022,10,15.1915322580645,2022-10-01
"Paris",2022,11,9.44361111111111,2022-11-01
"Paris",2022,12,4.7614247311828,2022-12-01
"Paris",2023,1,5.80927419354839,2023-01-01
"Paris",2023,2,5.5264880952381,2023-02-01
"Paris",2023,3,8.62190860215054,2023-03-01
"Paris",2023,4,9.64819444444444,2023-04-01
"Paris",2023,5,14.4420698924731,2023-05-01
"Paris",2023,6,20.9298611111111,2023-06-01
"Paris",2023,7,20.3122311827957,2023-07-01
"Paris",2023,8,19.480376344086,2023-08-01
"Paris",2023,9,19.6563888888889,2023-09-01
"Paris",2023,10,14.4021505376344,2023-10-01
"Paris",2023,11,8.86916666666667,2023-11-01
"Paris",2023,12,7.3369623655914,2023-12-01
"Paris",2024,1,3.9508064516129,2024-01-01
"Paris",2024,2,8.75775862068966,2024-02-01
"Paris",2024,3,9.05067204301075,2024-03-01
"Paris",2024,4,11.0793055555556,2024-04-01
"Paris",2024,5,14.4747311827957,2024-05-01
"Paris",2024,6,16.5291666666667,2024-06-01
"Paris",2024,7,19.7702956989247,2024-07-01
"Paris",2024,8,20.4967741935484,2024-08-01
"Paris",2024,9,15.6120833333333,2024-09-01
"Paris",2024,10,13.3604838709677,2024-10-01
"Paris",2024,11,8.35027777777778,2024-11-01
"Paris",2024,12,6.05228494623656,2024-12-01
"Paris",2025,1,4.12231182795699,2025-01-01
"Paris",2025,2,4.89107142857143,2025-02-01
"Paris",2025,3,8.34032258064516,2025-03-01
"Paris",2025,4,13.4531944444444,2025-04-01
"Paris",2025,5,16.0008064516129,2025-05-01
"Paris",2025,6,21.45375,2025-06-01
"Paris",2025,7,20.7287634408602,2025-07-01
"Paris",2025,8,20.8711021505376,2025-08-01
"Paris",2025,9,15.9105555555556,2025-09-01
"Paris",2025,10,12.6067204301075,2025-10-01
"Paris",2025,11,8.80319444444445,2025-11-01
"Paris",2025,12,6.73911290322581,2025-12-01
"Madrid",2021,1,3.32728494623656,2021-01-01
"Madrid",2021,2,9.10803571428571,2021-02-01
"Madrid",2021,3,10.6563172043011,2021-03-01
"Madrid",2021,4,12.4940277777778,2021-04-01
"Madrid",2021,5,17.8478494623656,2021-05-01
"Madrid",2021,6,22.3344444444444,2021-06-01
"Madrid",2021,7,26.2786290322581,2021-07-01
"Madrid",2021,8,26.8864247311828,2021-08-01
"Madrid",2021,9,19.9143055555556,2021-09-01
"Madrid",2021,10,15.8845430107527,2021-10-01
"Madrid",2021,11,7.79541666666667,2021-11-01
"Madrid",2021,12,7.40618279569892,2021-12-01
"Madrid",2022,1,4.79516129032258,2022-01-01
"Madrid",2022,2,9.04285714285714,2022-02-01
"Madrid",2022,3,9.41854838709677,2022-03-01
"Madrid",2022,4,11.7451388888889,2022-04-01
"Madrid",2022,5,20.089247311828,2022-05-01
"Madrid",2022,6,24.7018055555556,2022-06-01
"Madrid",2022,7,29.705376344086,2022-07-01
"Madrid",2022,8,27.6323924731183,2022-08-01
"Madrid",2022,9,21.1958333333333,2022-09-01
"Madrid",2022,10,17.8014784946237,2022-10-01
"Madrid",2022,11,10.8554166666667,2022-11-01
"Madrid",2022,12,8.64758064516129,2022-12-01
"Madrid",2023,1,5.09744623655914,2023-01-01
"Madrid",2023,2,6.1702380952381,2023-02-01
"Madrid",2023,3,12.0241935483871,2023-03-01
"Madrid",2023,4,17.2316666666667,2023-04-01
"Madrid",2023,5,17.5748655913978,2023-05-01
"Madrid",2023,6,22.7415277777778,2023-06-01
"Madrid",2023,7,28.0033602150538,2023-07-01
"Madrid",2023,8,28.0709677419355,2023-08-01
"Madrid",2023,9,19.6354166666667,2023-09-01
"Madrid",2023,10,16.9584677419355,2023-10-01
"Madrid",2023,11,10.6047222222222,2023-11-01
"Madrid",2023,12,5.9008064516129,2023-12-01
"Madrid",2024,1,7.19986559139785,2024-01-01
"Madrid",2024,2,8.70545977011494,2024-02-01
"Madrid",2024,3,10.3733870967742,2024-03-01
"Madrid",2024,4,14.0193055555556,2024-04-01
"Madrid",2024,5,17.7525537634409,2024-05-01
"Madrid",2024,6,22.0311111111111,2024-06-01
"Madrid",2024,7,28.0971774193548,2024-07-01
"Madrid",2024,8,28.4198924731183,2024-08-01
"Madrid",2024,9,19.9231944444444,2024-09-01
"Madrid",2024,10,15.6493279569892,2024-10-01
"Madrid",2024,11,11.1883333333333,2024-11-01
"Madrid",2024,12,6.20376344086022,2024-12-01
"Madrid",2025,1,6.6260752688172,2025-01-01
"Madrid",2025,2,8.12782738095238,2025-02-01
"Madrid",2025,3,8.4005376344086,2025-03-01
"Madrid",2025,4,13.2681944444444,2025-04-01
"Madrid",2025,5,17.7130376344086,2025-05-01
"Madrid",2025,6,27.2301388888889,2025-06-01
"Madrid",2025,7,27.5313172043011,2025-07-01
"Madrid",2025,8,28.9079301075269,2025-08-01
"Madrid",2025,9,22.17875,2025-09-01
"Madrid",2025,10,17.8883064516129,2025-10-01
"Madrid",2025,11,9.22,2025-11-01
"Madrid",2025,12,6.86948924731183,2025-12-01
"Rome",2021,1,7.32674731182796,2021-01-01
"Rome",2021,2,9.91636904761905,2021-02-01
"Rome",2021,3,9.91034946236559,2021-03-01
"Rome",2021,4,12.3561111111111,2021-04-01
"Rome",2021,5,17.3262096774194,2021-05-01
"Rome",2021,6,23.3383333333333,2021-06-01
"Rome",2021,7,26.4846774193548,2021-07-01
"Rome",2021,8,26.3177419354839,2021-08-01
"Rome",2021,9,22.9018055555556,2021-09-01
"Rome",2021,10,16.0549731182796,2021-10-01
"Rome",2021,11,13.2502777777778,2021-11-01
"Rome",2021,12,8.54112903225806,2021-12-01
"Rome",2022,1,6.81747311827957,2022-01-01
"Rome",2022,2,9.42157738095238,2022-02-01
"Rome",2022,3,9.81801075268817,2022-03-01
"Rome",2022,4,13.6486111111111,2022-04-01
"Rome",2022,5,20.5072580645161,2022-05-01
"Rome",2022,6,26.2736111111111,2022-06-01
"Rome",2022,7,28.244623655914,2022-07-01
"Rome",2022,8,26.6368279569892,2022-08-01
"Rome",2022,9,21.6184722222222,2022-09-01
"Rome",2022,10,18.5537634408602,2022-10-01
"Rome",2022,11,13.1138888888889,2022-11-01
"Rome",2022,12,11.5479838709677,2022-12-01
"Rome",2023,1,8.24381720430108,2023-01-01
"Rome",2023,2,7.71681547619048,2023-02-01
"Rome",2023,3,11.7502688172043,2023-03-01
"Rome",2023,4,12.8925,2023-04-01
"Rome",2023,5,17.5766129032258,2023-05-01
"Rome",2023,6,22.4476388888889,2023-06-01
"Rome",2023,7,27.7603494623656,2023-07-01
"Rome",2023,8,25.7897849462366,2023-08-01
"Rome",2023,9,23.1415277777778,2023-09-01
"Rome",2023,10,20.5122311827957,2023-10-01
"Rome",2023,11,13.8177777777778,2023-11-01
"Rome",2023,12,10.2815860215054,2023-12-01
"Rome",2024,1,9.43561827956989,2024-01-01
"Rome",2024,2,10.7561781609195,2024-02-01
"Rome",2024,3,12.6658602150538,2024-03-01
"Rome",2024,4,15.07375,2024-04-01
"Rome",2024,5,18.3024193548387,2024-05-01
"Rome",2024,6,23.4108333333333,2024-06-01
"Rome",2024,7,28.2094086021505,2024-07-01
"Rome",2024,8,28.423252688172,2024-08-01
"Rome",2024,9,21.4401388888889,2024-09-01
"Rome",2024,10,18.1032258064516,2024-10-01
"Rome",2024,11,12.5252777777778,2024-11-01
"Rome",2024,12,8.16182795698925,2024-12-01
"Rome",2025,1,9.87943548387097,2025-01-01
"Rome",2025,2,9.77752976190476,2025-02-01
"Rome",2025,3,12.272311827957,2025-03-01
"Rome",2025,4,14.8961111111111,2025-04-01
"Rome",2025,5,18.548252688172,2025-05-01
"Rome",2025,6,27.315,2025-06-01
"Rome",2025,7,27.3317204301075,2025-07-01
"Rome",2025,8,27.069623655914,2025-08-01
"Rome",2025,9,22.2875,2025-09-01
"Rome",2025,10,17.1838709677419,2025-10-01
"Rome",2025,11,12.2520833333333,2025-11-01
"Rome",2025,12,9.10483870967742,2025-12-01
