"variable_1","variable_2","correlation"
"Température","Température",1
"Température","Humidité relative",-0.640732088855987
"Température","Précipitations",-0.000460089377935078
"Température","Pression",-0.186580903880624
"Température","Nébulosité",-0.193987447733865
"Température","Vitesse du vent",-0.036472601640277
"Humidité relative","Température",-0.640732088855987
"Humidité relative","Humidité relative",1
"Humidité relative","Précipitations",0.134748830460305
"Humidité relative","Pression",0.306528520442913
"Humidité relative","Nébulosité",0.289629090482579
"Humidité relative","Vitesse du vent",-0.0775050561602554
"Précipitations","Température",-0.000460089377935078
"Précipitations","Humidité relative",0.134748830460305
"Précipitations","Précipitations",1
"Précipitations","Pression",-0.0297210557035413
"Précipitations","Nébulosité",0.170977190724952
"Précipitations","Vitesse du vent",0.108255355417278
"Pression","Température",-0.186580903880624
"Pression","Humidité relative",0.306528520442913
"Pression","Précipitations",-0.0297210557035413
"Pression","Pression",1
"Pression","Nébulosité",0.0702318607176142
"Pression","Vitesse du vent",0.00975664451846059
"Nébulosité","Température",-0.193987447733865
"Nébulosité","Humidité relative",0.289629090482579
"Nébulosité","Précipitations",0.170977190724952
"Nébulosité","Pression",0.0702318607176142
"Nébulosité","Nébulosité",1
"Nébulosité","Vitesse du vent",0.184141642672114
"Vitesse du vent","Température",-0.036472601640277
"Vitesse du vent","Humidité relative",-0.0775050561602554
"Vitesse du vent","Précipitations",0.108255355417278
"Vitesse du vent","Pression",0.00975664451846059
"Vitesse du vent","Nébulosité",0.184141642672114
"Vitesse du vent","Vitesse du vent",1
